<?xml version="1.0" encoding="UTF-8"?>
<project-private xmlns="http://www.netbeans.org/ns/project-private/1">
    <editor-bookmarks xmlns="http://www.netbeans.org/ns/editor-bookmarks/2" lastBookmarkId="0"/>
    <open-files xmlns="http://www.netbeans.org/ns/projectui-open-files/2">
        <group>
            <file>file:/C:/Users/rapos/OneDrive/デスクトップ/高専関係/5EStudy/情報工学実験/SampleAI2020_v121/src/gameElements/Game.java</file>
            <file>file:/C:/Users/rapos/OneDrive/デスクトップ/高専関係/5EStudy/情報工学実験/SampleAI2020_v121/src/ai/SampleAI.java</file>
            <file>file:/C:/Users/rapos/OneDrive/デスクトップ/高専関係/5EStudy/情報工学実験/SampleAI2020_v121/src/gameElements/GameResources.java</file>
            <file>file:/C:/Users/rapos/OneDrive/デスクトップ/高専関係/5EStudy/情報工学実験/SampleAI2020_v121/weight.txt</file>
        </group>
    </open-files>
</project-private>
